{"coco/bbox_mAP": 0.664, "coco/bbox_mAP_50": 0.947, "coco/bbox_mAP_75": 0.938, "coco/bbox_mAP_s": -1.0, "coco/bbox_mAP_m": 0.865, "coco/bbox_mAP_l": -1.0, "data_time": 0.8706008394559225, "time": 0.9903814792633057}