{"lr": 1.5815631262525054e-05, "data_time": 0.12626731991767884, "loss": 0.20101307965815068, "loss_rpn_cls": 0.001729395392612787, "loss_rpn_bbox": 0.04324067565612495, "loss_cls": 0.06460983864963055, "acc": 98.92578125, "loss_bbox": 0.0914331691339612, "time": 2.7831251502037047, "epoch": 1, "iter": 40, "memory": 8498, "step": 40}
{"coco/bbox_mAP": 0.662, "coco/bbox_mAP_50": 0.951, "coco/bbox_mAP_75": 0.945, "coco/bbox_mAP_s": -1.0, "coco/bbox_mAP_m": 0.863, "coco/bbox_mAP_l": -1.0, "data_time": 0.43044708172480267, "time": 0.5462767680486044, "step": 1}
{"lr": 3.1831663326653304e-05, "data_time": 0.00727046012878418, "loss": 0.1715485495328903, "loss_rpn_cls": 0.0015751424097106793, "loss_rpn_bbox": 0.034675866439938544, "loss_cls": 0.05172773480415344, "acc": 97.0703125, "loss_bbox": 0.08356980562210083, "time": 2.82686469078064, "epoch": 2, "iter": 80, "memory": 8519, "step": 80}
