{
  "count": 12,
  "mean_error": 0.006596051469715748,
  "mean_abs_error": 0.012781442249805458,
  "var_error": 0.0003249235418083514,
  "rmse": 0.018475780767862778
}