{"lr": 1.5815631262525054e-05, "data_time": 0.04115828275680542, "loss": 0.21112632751464844, "loss_rpn_cls": 0.0014171592207276261, "loss_rpn_bbox": 0.043155522318556905, "loss_cls": 0.0732110891956836, "acc": 98.046875, "loss_bbox": 0.09334255903959274, "time": 0.48090886473655703, "epoch": 1, "iter": 40, "memory": 8531, "step": 40}
{"coco/bbox_mAP": 0.649, "coco/bbox_mAP_50": 0.942, "coco/bbox_mAP_75": 0.941, "coco/bbox_mAP_s": -1.0, "coco/bbox_mAP_m": 0.849, "coco/bbox_mAP_l": -1.0, "data_time": 0.07245874404907227, "time": 0.12279595931371053, "step": 1}
{"lr": 3.1831663326653304e-05, "data_time": 0.015438394546508789, "loss": 0.16211804524064063, "loss_rpn_cls": 0.0017618574592052029, "loss_rpn_bbox": 0.034258631132543085, "loss_cls": 0.0430482036434114, "acc": 98.73046875, "loss_bbox": 0.08304935306310654, "time": 0.4181411409378052, "epoch": 2, "iter": 80, "memory": 8636, "step": 80}
{"coco/bbox_mAP": 0.644, "coco/bbox_mAP_50": 0.935, "coco/bbox_mAP_75": 0.93, "coco/bbox_mAP_s": -1.0, "coco/bbox_mAP_m": 0.843, "coco/bbox_mAP_l": -1.0, "data_time": 0.00830996953524076, "time": 0.05601936120253343, "step": 2}
{"lr": 4.784769539078158e-05, "data_time": 0.012483820915222169, "loss": 0.14325099244713782, "loss_rpn_cls": 0.0007171661913162097, "loss_rpn_bbox": 0.030374240465462207, "loss_cls": 0.0385247902199626, "acc": 98.4375, "loss_bbox": 0.07363479726016521, "time": 0.40829938411712646, "epoch": 3, "iter": 120, "memory": 8531, "step": 120}
{"coco/bbox_mAP": 0.632, "coco/bbox_mAP_50": 0.938, "coco/bbox_mAP_75": 0.93, "coco/bbox_mAP_s": -1.0, "coco/bbox_mAP_m": 0.827, "coco/bbox_mAP_l": -1.0, "data_time": 0.009114210422222432, "time": 0.06174762432391827, "step": 3}
{"lr": 6.386372745490988e-05, "data_time": 0.012603468894958496, "loss": 0.16555577129125595, "loss_rpn_cls": 0.002583136441098759, "loss_rpn_bbox": 0.034911072216928005, "loss_cls": 0.052810114715248345, "acc": 99.51171875, "loss_bbox": 0.07525144800543786, "time": 0.4231973457336426, "epoch": 4, "iter": 160, "memory": 8531, "step": 160}
{"coco/bbox_mAP": 0.652, "coco/bbox_mAP_50": 0.954, "coco/bbox_mAP_75": 0.95, "coco/bbox_mAP_s": -1.0, "coco/bbox_mAP_m": 0.849, "coco/bbox_mAP_l": -1.0, "data_time": 0.008162333415104793, "time": 0.058153280845055215, "step": 4}
{"lr": 7.987975951903818e-05, "data_time": 0.014880547523498535, "loss": 0.132573222219944, "loss_rpn_cls": 0.0014994696906069293, "loss_rpn_bbox": 0.033011248856782915, "loss_cls": 0.03183574618771672, "acc": 99.0234375, "loss_bbox": 0.06622675754129886, "time": 0.41747375011444093, "epoch": 5, "iter": 200, "memory": 8656, "step": 200}
{"coco/bbox_mAP": 0.651, "coco/bbox_mAP_50": 0.952, "coco/bbox_mAP_75": 0.938, "coco/bbox_mAP_s": -1.0, "coco/bbox_mAP_m": 0.843, "coco/bbox_mAP_l": -1.0, "data_time": 0.010788844181941105, "time": 0.05995864134568434, "step": 5}
{"lr": 9.589579158316646e-05, "data_time": 0.013008623123168946, "loss": 0.12740222558379175, "loss_rpn_cls": 0.002035909112310037, "loss_rpn_bbox": 0.031605949774384495, "loss_cls": 0.030619741352275014, "acc": 99.70703125, "loss_bbox": 0.0631406257301569, "time": 0.4204737663269043, "epoch": 6, "iter": 240, "memory": 8636, "step": 240}
{"coco/bbox_mAP": 0.589, "coco/bbox_mAP_50": 0.926, "coco/bbox_mAP_75": 0.916, "coco/bbox_mAP_s": -1.0, "coco/bbox_mAP_m": 0.776, "coco/bbox_mAP_l": -1.0, "data_time": 0.007290381651658278, "time": 0.0556026788858267, "step": 6}
{"lr": 0.00011191182364729478, "data_time": 0.014290404319763184, "loss": 0.14139293536543845, "loss_rpn_cls": 0.0018777016870444641, "loss_rpn_bbox": 0.034754320718348025, "loss_cls": 0.03495120283216238, "acc": 95.60546875, "loss_bbox": 0.06980971038341523, "time": 0.41941013336181643, "epoch": 7, "iter": 280, "memory": 8993, "step": 280}
{"coco/bbox_mAP": 0.597, "coco/bbox_mAP_50": 0.957, "coco/bbox_mAP_75": 0.954, "coco/bbox_mAP_s": -1.0, "coco/bbox_mAP_m": 0.77, "coco/bbox_mAP_l": -1.0, "data_time": 0.007297809307391827, "time": 0.05893072715172401, "step": 7}
{"lr": 0.00012792785571142306, "data_time": 0.014201254844665527, "loss": 0.13833539217710494, "loss_rpn_cls": 0.0016918245621491224, "loss_rpn_bbox": 0.03369416791945696, "loss_cls": 0.036357667837291954, "acc": 99.21875, "loss_bbox": 0.06659173287451267, "time": 0.42033002853393553, "epoch": 8, "iter": 320, "memory": 8623, "step": 320}
{"coco/bbox_mAP": 0.644, "coco/bbox_mAP_50": 0.945, "coco/bbox_mAP_75": 0.937, "coco/bbox_mAP_s": -1.0, "coco/bbox_mAP_m": 0.842, "coco/bbox_mAP_l": -1.0, "data_time": 0.008150449165931115, "time": 0.05734883821927584, "step": 8}
{"lr": 0.00014394388777555137, "data_time": 0.014274039268493653, "loss": 0.13761817336082457, "loss_rpn_cls": 0.0020606791251339017, "loss_rpn_bbox": 0.034080076329410076, "loss_cls": 0.03209200619719923, "acc": 99.70703125, "loss_bbox": 0.06938541173934937, "time": 0.415663423538208, "epoch": 9, "iter": 360, "memory": 8656, "step": 360}
{"coco/bbox_mAP": 0.55, "coco/bbox_mAP_50": 0.842, "coco/bbox_mAP_75": 0.837, "coco/bbox_mAP_s": -1.0, "coco/bbox_mAP_m": 0.742, "coco/bbox_mAP_l": -1.0, "data_time": 0.00964813966017503, "time": 0.05767992826608511, "step": 9}
{"lr": 0.00015995991983967973, "data_time": 0.014459362030029297, "loss": 0.15810026690363885, "loss_rpn_cls": 0.0029571445588953793, "loss_rpn_bbox": 0.03809281472116709, "loss_cls": 0.0434802280832082, "acc": 99.70703125, "loss_bbox": 0.07357008077204227, "time": 0.4132226085662842, "epoch": 10, "iter": 400, "memory": 8531, "step": 400}
{"coco/bbox_mAP": 0.657, "coco/bbox_mAP_50": 0.945, "coco/bbox_mAP_75": 0.942, "coco/bbox_mAP_s": -1.0, "coco/bbox_mAP_m": 0.858, "coco/bbox_mAP_l": -1.0, "data_time": 0.010184654822716346, "time": 0.05958997286283053, "step": 10}
{"lr": 0.00017597595190380806, "data_time": 0.01418659210205078, "loss": 0.14712378099560738, "loss_rpn_cls": 0.0020239154767477886, "loss_rpn_bbox": 0.03698922242969274, "loss_cls": 0.03594623764511198, "acc": 100.0, "loss_bbox": 0.07216440595686435, "time": 0.4146754455566406, "epoch": 11, "iter": 440, "memory": 8532, "step": 440}
{"coco/bbox_mAP": 0.581, "coco/bbox_mAP_50": 0.954, "coco/bbox_mAP_75": 0.937, "coco/bbox_mAP_s": -1.0, "coco/bbox_mAP_m": 0.748, "coco/bbox_mAP_l": -1.0, "data_time": 0.00891703825730544, "time": 0.058449470079862155, "step": 11}
{"lr": 0.0001919919839679364, "data_time": 0.013888692855834961, "loss": 0.13555871099233627, "loss_rpn_cls": 0.002106485944823362, "loss_rpn_bbox": 0.03686143353581429, "loss_cls": 0.02404353561345488, "acc": 100.0, "loss_bbox": 0.0725472554564476, "time": 0.4146318578720093, "epoch": 12, "iter": 480, "memory": 8532, "step": 480}
{"coco/bbox_mAP": 0.65, "coco/bbox_mAP_50": 0.952, "coco/bbox_mAP_75": 0.941, "coco/bbox_mAP_s": -1.0, "coco/bbox_mAP_m": 0.84, "coco/bbox_mAP_l": -1.0, "data_time": 0.006235984655526968, "time": 0.05793331219599797, "step": 12}
{"lr": 0.00020000000000000063, "data_time": 0.013576855659484863, "loss": 0.11539039805531502, "loss_rpn_cls": 0.0014612510608276352, "loss_rpn_bbox": 0.03039733201265335, "loss_cls": 0.02493131352472119, "acc": 99.90234375, "loss_bbox": 0.058600501269102094, "time": 0.4115652322769165, "epoch": 13, "iter": 520, "memory": 8531, "step": 520}
{"coco/bbox_mAP": 0.663, "coco/bbox_mAP_50": 0.951, "coco/bbox_mAP_75": 0.949, "coco/bbox_mAP_s": -1.0, "coco/bbox_mAP_m": 0.86, "coco/bbox_mAP_l": -1.0, "data_time": 0.006419493601872371, "time": 0.05409763409541203, "step": 13}
{"lr": 0.00020000000000000063, "data_time": 0.016078276634216307, "loss": 0.12065327882766724, "loss_rpn_cls": 0.0017610746508580633, "loss_rpn_bbox": 0.03414143025875092, "loss_cls": 0.022355800361838193, "acc": 99.90234375, "loss_bbox": 0.06239497326314449, "time": 0.4129737710952759, "epoch": 14, "iter": 560, "memory": 8636, "step": 560}
{"coco/bbox_mAP": 0.638, "coco/bbox_mAP_50": 0.948, "coco/bbox_mAP_75": 0.938, "coco/bbox_mAP_s": -1.0, "coco/bbox_mAP_m": 0.826, "coco/bbox_mAP_l": -1.0, "data_time": 0.006848005148080679, "time": 0.05725491963900053, "step": 14}
{"lr": 0.00020000000000000063,